{
  "tasks": [
    {
      "text": "Сало",
      "id": 3
    },
    {
      "text": "Огірок",
      "id": 4
    },
    {
      "text": "часник",
      "id": 6
    },
    {
      "text": "Перець",
      "id": 8
    },
    {
      "text": "Кавун",
      "id": 9
    },
    {
      "text": "Диня",
      "id": 10
    }
  ],
  "films": [
    {
      "title": "Життя і мета собаки",
      "description": "Стрічка створена на основі однойменного роману В. Брюса Камерона і розповідає про життя і різні реінкарнації собаки.",
      "year": 2017,
      "budget": "22 млн",
      "actors": ["Денніс Квейд", "Пеггі Ліптон", "Джон Ортіз"],
      "genres": ["драма", "пригоди", "комедія"]
    }
  ]
}